{"cameraMode":{"drawMode":0,"name":"Shaded","section":"Shading Mode"},"sceneLighting":false,"audioPlay":false,"sceneViewState":{"m_AlwaysRefresh":false,"showFog":true,"showSkybox":false,"showFlares":true,"showImageEffects":true,"showParticleSystems":true,"showVisualEffectGraphs":true,"m_FxEnabled":true},"in2DMode":false,"pivot":{"x":-0.00002682209014892578,"y":2.9026074409484865,"z":0.6190700531005859},"rotation":{"x":-0.4310435652732849,"y":-0.42833420634269717,"z":0.24439913034439088,"w":-0.7557114958763123},"size":10.002321243286133,"orthographic":false}