{"cameraMode":{"drawMode":0,"name":"Shaded","section":"Shading Mode"},"sceneLighting":false,"audioPlay":false,"sceneViewState":{"m_AlwaysRefresh":false,"showFog":true,"showSkybox":false,"showFlares":true,"showImageEffects":true,"showParticleSystems":true,"showVisualEffectGraphs":true,"m_FxEnabled":true},"in2DMode":false,"pivot":{"x":0.0006990432739257813,"y":1.1209180355072022,"z":-0.1662154197692871},"rotation":{"x":0.6043602824211121,"y":-0.09758592396974564,"z":0.07623732089996338,"w":0.7871778607368469},"size":10.641629219055176,"orthographic":false}