{"cameraMode":{"drawMode":0,"name":"Shaded","section":"Shading Mode"},"sceneLighting":false,"audioPlay":false,"sceneViewState":{"m_AlwaysRefresh":false,"showFog":true,"showSkybox":false,"showFlares":true,"showImageEffects":true,"showParticleSystems":true,"showVisualEffectGraphs":true,"m_FxEnabled":true},"in2DMode":false,"pivot":{"x":0.017525672912597657,"y":2.1354355812072756,"z":0.006612062454223633},"rotation":{"x":0.18067938089370728,"y":-0.40718117356300356,"z":0.08360253274440766,"w":0.8915173411369324},"size":5.037627220153809,"orthographic":false}