{"cameraMode":{"drawMode":0,"name":"Shaded","section":"Shading Mode"},"sceneLighting":false,"audioPlay":false,"sceneViewState":{"m_AlwaysRefresh":false,"showFog":true,"showSkybox":false,"showFlares":true,"showImageEffects":true,"showParticleSystems":true,"showVisualEffectGraphs":true,"m_FxEnabled":true},"in2DMode":false,"pivot":{"x":0.0013980865478515626,"y":4.219885349273682,"z":1.139923095703125},"rotation":{"x":0.37753722071647646,"y":0.027420544996857644,"z":-0.011363831348717213,"w":0.925570011138916},"size":13.001571655273438,"orthographic":false}